{
  "sepal length (cm)": {
    "mean": 5.841666666666667,
    "std": 0.8374150039788449,
    "min": 4.3,
    "max": 7.9,
    "p25": 5.1,
    "p75": 6.4
  },
  "sepal width (cm)": {
    "mean": 3.048333333333333,
    "std": 0.44665111913239647,
    "min": 2.0,
    "max": 4.4,
    "p25": 2.8,
    "p75": 3.3249999999999997
  },
  "petal length (cm)": {
    "mean": 3.77,
    "std": 1.7611359970201053,
    "min": 1.1,
    "max": 6.9,
    "p25": 1.6,
    "p75": 5.1
  },
  "petal width (cm)": {
    "mean": 1.2049999999999998,
    "std": 0.7594789880788891,
    "min": 0.1,
    "max": 2.5,
    "p25": 0.3,
    "p75": 1.8
  }
}